review_id,case_id,domain,rationale,score,note
t3-REV-A-sa-t3-02-67df03,SA-T3-02,student_admission,"I consider this approach proportionate because the email contains only the limited information needed to direct the applicant to the secure portal. Protecting the remaining details through portal authentication minimises disclosure, while retaining the template ID and reviewer decision under the  review_id  provides adequate traceability.",2,
t3-REV-A-hc-t3-04-224123,HC-T3-04,healthcare,"The append-only record links the AI recommendation, human action, and reviewer identity, providing a clear basis for accountability. Retaining medication class while hashing specific drug names reduces unnecessary exposure of sensitive details, although the hashing method should be sufficiently resistant to re-identification.",2,
t3-REV-A-rt-t3-07-f0c3ee,RT-T3-07,retail,"I do not consider this external processing acceptable because complete chat histories containing personal information would be disclosed without redaction or a processing agreement. Retaining the reviewer’s decision supports auditability, but it does not mitigate the excessive disclosure or lack of contractual safeguards.",2,
t3-REV-A-hc-t3-05-87717c,HC-T3-05,healthcare,"I considered whether the retained record could establish accountability for the proposed offshore pathway. Because the safeguards, legal basis, and downstream purpose are unspecified, tracing the onward transfer would document the action but would not demonstrate that it was appropriately authorised or governed.",2,
t3-REV-A-hc-t3-09-437516,HC-T3-09,healthcare,"I consider the retention plan proportionate because it preserves the summary category, hashed patient reference, reviewer action, and applicable retention rule while limiting storage of sensitive conversational content. Discarding the full conversation within 24 hours supports data minimisation while retaining sufficient information to trace the review decision.
",2,
t3-REV-A-sa-t3-09-81926b,SA-T3-09,student_admission,"I do not consider indefinite retention proportionate because the unstructured notes may contain highly sensitive information and the proposed benchmarking use extends beyond the original admissions purpose. Retaining the reviewer’s decision supports auditability, but it does not establish the necessity, lawful basis, or safeguards required for this secondary use.
",2,
t3-REV-A-rt-t3-02-34376a,RT-T3-02,retail,"I consider the response proportionate because it provides only the parcel state and estimated arrival time, without exposing identity, address, or payment information. Requiring an order token limits access, while retaining the endpoint, reviewer decision, and  review_id  provides appropriate traceability.",2,
t3-REV-A-sa-t3-06-cba73d,SA-T3-06,student_admission,"I consider the retention arrangement proportionate because the long-term record is limited to a categorical outcome and the metadata needed to trace the review. Discarding verbatim comments after 30 days reduces unnecessary retention of detailed personal information, while the linked role ID and reviewer decision preserve accountability.
",2,
t3-REV-A-rt-t3-08-e6bc54,RT-T3-08,retail,"I consider this retention approach proportionate because it captures only the categorical cancellation reason and accountable human action, without retaining potentially sensitive verbatim statements. Linking the agent action and reviewer decision to the  review_id , while limiting use to cancellation analytics, provides adequate traceability and purpose limitation.",2,
t3-REV-A-hc-t3-10-befa73,HC-T3-10,healthcare,"Although retaining the reviewer’s decision supports accountability, the proposed external disclosure lacks essential privacy safeguards. The accompanying identifiers and legal basis are unspecified, so the disclosure cannot be assessed as necessary, proportionate, or appropriately authorised.",2,
